{"root":[{"assemblyName":"LitMotion","nameSpace":"LitMotion","className":"PlayerLoopHelper","methodName":"Init","loadTypes":2,"isUnityClass":false},{"assemblyName":"LitMotion","nameSpace":"LitMotion","className":"MotionDispatcher","methodName":"Init","loadTypes":1,"isUnityClass":false},{"assemblyName":"LitMotion","nameSpace":"","className":"__JobReflectionRegistrationOutput__689492462","methodName":"EarlyInit","loadTypes":2,"isUnityClass":false},{"assemblyName":"LitMotion","nameSpace":"","className":"$BurstDirectCallInitializer","methodName":"Initialize","loadTypes":2,"isUnityClass":false},{"assemblyName":"LitMotion.Extensions","nameSpace":"LitMotion.Extensions","className":"TextMeshProMotionAnimator","methodName":"Init","loadTypes":2,"isUnityClass":false},{"assemblyName":"Unity.Collections","nameSpace":"","className":"__JobReflectionRegistrationOutput__2169258416","methodName":"EarlyInit","loadTypes":2,"isUnityClass":true},{"assemblyName":"Unity.Collections","nameSpace":"","className":"$BurstDirectCallInitializer","methodName":"Initialize","loadTypes":2,"isUnityClass":true},{"assemblyName":"Unity.VisualScripting.Core","nameSpace":"Unity.VisualScripting","className":"RuntimeVSUsageUtility","methodName":"RuntimeInitializeOnLoadBeforeSceneLoad","loadTypes":1,"isUnityClass":true},{"assemblyName":"uPools","nameSpace":"uPools","className":"SharedGameObjectPool","methodName":"Init","loadTypes":1,"isUnityClass":false}]}
